name,symbol,contract_addresses
Tether,USDT,"[{'platform': 'polygon-pos', 'contract_address': '0xc2132d05d31c914a87c6611c10748aeb04b58e8f'}, {'platform': 'optimistic-ethereum', 'contract_address': '0x94b008aa00579c1307b0ef2c499ad98a8ce58e58'}, {'platform': 'ethereum', 'contract_address': '0xdac17f958d2ee523a2206206994597c13d831ec7'}, {'platform': 'binance-smart-chain', 'contract_address': '0x55d398326f99059ff775485246999027b3197955'}, {'platform': 'arbitrum-one', 'contract_address': '0xfd086bc7cd5c481dcc9c85ebe478a1c0b69fcbb9'}]"
BNB,BNB,"[{'platform': 'ethereum', 'contract_address': '0xb8c77482e45f1f44de1745f52c74426c631bdd52'}]"
USD Coin,USDC,"[{'platform': 'polygon-pos', 'contract_address': '0x2791bca1f2de4661ed88a30c99a7a9449aa84174'}, {'platform': 'binance-smart-chain', 'contract_address': '0x8ac76a51cc950d9822d68b83fe1ad97b32cd580d'}, {'platform': 'ethereum', 'contract_address': '0xa0b86991c6218b36c1d19d4a2e9eb0ce3606eb48'}, {'platform': 'arbitrum-one', 'contract_address': '0xff970a61a04b1ca14834a43f5de4533ebddb5cc8'}, {'platform': 'optimistic-ethereum', 'contract_address': '0x7f5c764cbc14f9669b88837ca1490cca17c31607'}]"
Lido Staked Ether,STETH,"[{'platform': 'ethereum', 'contract_address': '0xae7ab96520de3a18e5e111b5eaab095312d7fe84'}]"
Polygon,MATIC,"[{'platform': 'binance-smart-chain', 'contract_address': '0xcc42724c6683b7e57334c4e856f4c9965ed682bd'}, {'platform': 'ethereum', 'contract_address': '0x7d1afa7b718fb893db30a3abc0cfc608aacfebb0'}, {'platform': 'polygon-pos', 'contract_address': '0x0000000000000000000000000000000000001010'}]"
Binance USD,BUSD,"[{'platform': 'polygon-pos', 'contract_address': '0xdab529f40e671a1d4bf91361c21bf9f0c9712ab7'}, {'platform': 'binance-smart-chain', 'contract_address': '0xe9e7cea3dedca5984780bafc599bd69add087d56'}, {'platform': 'ethereum', 'contract_address': '0x4fabb145d64652a948d72533023f6e7a623c7c53'}, {'platform': 'optimistic-ethereum', 'contract_address': '0x9c9e5fd8bbc25984b178fdce6117defa39d2db39'}]"
Shiba Inu,SHIB,"[{'platform': 'ethereum', 'contract_address': '0x95ad61b0a150d79219dcf64e1e6cc01f0b64c4ce'}]"
Dai,DAI,"[{'platform': 'optimistic-ethereum', 'contract_address': '0xda10009cbd5d07dd0cecc66161fc93d7c9000da1'}, {'platform': 'polygon-pos', 'contract_address': '0x8f3cf7ad23cd3cadbd9735aff958023239c6a063'}, {'platform': 'binance-smart-chain', 'contract_address': '0x1af3f329e8be154074d8769d1ffa4ee058b1dbc3'}, {'platform': 'arbitrum-one', 'contract_address': '0xda10009cbd5d07dd0cecc66161fc93d7c9000da1'}, {'platform': 'ethereum', 'contract_address': '0x6b175474e89094c44da98b954eedeac495271d0f'}]"
Uniswap,UNI,"[{'platform': 'ethereum', 'contract_address': '0x1f9840a85d5af5bf1d1762f925bdaddc4201f984'}, {'platform': 'arbitrum-one', 'contract_address': '0xfa7f8980b0f1e64a2062791cc3b0871572f1f7f0'}, {'platform': 'optimistic-ethereum', 'contract_address': '0x6fd9d7ad17242c41f7131d257212c54a0e816691'}, {'platform': 'polygon-pos', 'contract_address': '0xb33eaad8d922b1083446dc23f610c2567fb5180f'}, {'platform': 'binance-smart-chain', 'contract_address': '0xbf5140a22578168fd562dccf235e5d43a02ce9b1'}]"
Wrapped Bitcoin,WBTC,"[{'platform': 'polygon-pos', 'contract_address': '0x1bfd67037b42cf73acf2047067bd4f2c47d9bfd6'}, {'platform': 'optimistic-ethereum', 'contract_address': '0x68f180fcce6836688e9084f035309e29bf0a2095'}, {'platform': 'arbitrum-one', 'contract_address': '0x2f2a2543b76a4166549f7aab2e75bef0aefc5b0f'}, {'platform': 'ethereum', 'contract_address': '0x2260fac5e5542a773aa44fbcfedf7c193bc2c599'}]"
Chainlink,LINK,"[{'platform': 'optimistic-ethereum', 'contract_address': '0x350a791bfc2c21f9ed5d10980dad2e2638ffa7f6'}, {'platform': 'binance-smart-chain', 'contract_address': '0xf8a0bf9cf54bb92f17374d9e9a321e6a111a51bd'}, {'platform': 'ethereum', 'contract_address': '0x514910771af9ca656af840dff83e8264ecf986ca'}, {'platform': 'arbitrum-one', 'contract_address': '0xf97f4df75117a78c1a5a0dbb814af92458539fb4'}, {'platform': 'polygon-pos', 'contract_address': '0x53e0bca35ec356bd5dddfebbd1fc0fd03fabad39'}]"
Tokamak Network,TON,"[{'platform': 'ethereum', 'contract_address': '0x2be5e8c109e2197d077d13a82daead6a9b3433c5'}]"
Cosmos,ATOM,"[{'platform': 'binance-smart-chain', 'contract_address': '0x0eb3a705fc54725037cc9e008bdede697f62f335'}]"
Leo,LEO,"[{'platform': 'binance-smart-chain', 'contract_address': '0xda38d8facd3875daad437839308f1885646dfbb6'}]"
OKB,OKB,"[{'platform': 'ethereum', 'contract_address': '0x75231f58b43240c9718dd58b4967c5114342a86c'}]"
Lido DAO,LDO,"[{'platform': 'arbitrum-one', 'contract_address': '0x13ad51ed4f1b7e9dc168d8a00cb3f4ddd85efa60'}, {'platform': 'optimistic-ethereum', 'contract_address': '0xfdb794692724153d1488ccdbe0c56c252596735f'}, {'platform': 'ethereum', 'contract_address': '0x5a98fcbea516cf06857215779fd812ca3bef1b32'}, {'platform': 'polygon-pos', 'contract_address': '0xc3c7d422809852031b44ab29eec9f1eff2a58756'}]"
TrueUSD,TUSD,"[{'platform': 'arbitrum-one', 'contract_address': '0x4d15a3a2286d883af0aa1b3f21367843fac63e07'}, {'platform': 'binance-smart-chain', 'contract_address': '0x14016e85a25aeb13065688cafb43044c2ef86784'}, {'platform': 'ethereum', 'contract_address': '0x0000000000085d4780b73119b644ae5ecd22b376'}, {'platform': 'polygon-pos', 'contract_address': '0x2e1ad108ff1d8c782fcbbb89aad783ac49586756'}]"
Quant Network,QNT,"[{'platform': 'ethereum', 'contract_address': '0x4a220e6096b25eadb88358cb44068a3248254675'}]"
Cronos,CRO,"[{'platform': 'ethereum', 'contract_address': '0xa0b73e1ff0b80914ab6fe0444e65848c4c34450b'}]"
APE,APE,"[{'platform': 'ethereum', 'contract_address': '0x40e0a6ef9dbadfc83c5e0d15262feb4638588d77'}]"
Arbitrum,ARB,"[{'platform': 'ethereum', 'contract_address': '0xb50721bcf8d664c30412cfbc6cf7a15145234ad1'}, {'platform': 'arbitrum-one', 'contract_address': '0x912ce59144191c1204e64559fe8253a0e49e6548'}]"
The Graph,GRT,"[{'platform': 'polygon-pos', 'contract_address': '0x5fe2b58c013d7601147dcdd68c143a77499f5531'}, {'platform': 'arbitrum-one', 'contract_address': '0x9623063377ad1b27544c965ccd7342f7ea7e88c7'}, {'platform': 'ethereum', 'contract_address': '0xc944e90c64b2c07662a292be6244bdf05cda44a7'}]"
The Sandbox,SAND,"[{'platform': 'ethereum', 'contract_address': '0x3845badade8e6dff049820680d1f14bd3903a5d0'}, {'platform': 'polygon-pos', 'contract_address': '0xbbba073c31bf03b8acf7c28ef0738decf3695683'}]"
Aave,AAVE,"[{'platform': 'binance-smart-chain', 'contract_address': '0xfb6115445bff7b52feb98650c87f44907e58f802'}, {'platform': 'optimistic-ethereum', 'contract_address': '0x76fb31fb4af56892a25e32cfc43de717950c9278'}, {'platform': 'ethereum', 'contract_address': '0x7fc66500c84a76ad7e9c93437bfc5ac33e2ddae9'}, {'platform': 'polygon-pos', 'contract_address': '0xd6df932a45c0f255f85145f286ea0b292b21c90b'}]"
Decentraland,MANA,"[{'platform': 'ethereum', 'contract_address': '0x0f5d2fb29fb7d3cfee444a200298f468908cc942'}, {'platform': 'polygon-pos', 'contract_address': '0xa1c57f48f0deb89f569dfbe6e2b7f46d33606fd4'}]"
FRAX,FRAX,"[{'platform': 'polygon-pos', 'contract_address': '0x45c32fa6df82ead1e2ef74d17b76547eddfaff89'}, {'platform': 'ethereum', 'contract_address': '0x853d955acef822db058eb8505911ed77f175b99e'}, {'platform': 'optimistic-ethereum', 'contract_address': '0x2e3d870790dc77a83dd1d18184acc7439a53f475'}, {'platform': 'arbitrum-one', 'contract_address': '0x17fc002b466eec40dae837fc4be5c67993ddbd6f'}, {'platform': 'binance-smart-chain', 'contract_address': '0x90c97f71e18723b0cf0dfa30ee176ab653e89f40'}]"
Axie Infinity,AXS,"[{'platform': 'ethereum', 'contract_address': '0xbb0e17ef65f82ab018d8edd776e8dd940327b28b'}, {'platform': 'binance-smart-chain', 'contract_address': '0x715d400f88c167884bbcc41c5fea407ed4d2f8a0'}]"
Immutable X,IMX,"[{'platform': 'ethereum', 'contract_address': '0xf57e7e7c23978c3caec3c3548e3d615c346e79ff'}]"
Rocket Pool,RPL,"[{'platform': 'ethereum', 'contract_address': '0xd33526068d116ce69f19a9ee46f0bd304f21a51f'}]"
Fetch.ai,FET,"[{'platform': 'ethereum', 'contract_address': '0xaea46a60368a7bd060eec7df8cba43b7ef41ad85'}, {'platform': 'binance-smart-chain', 'contract_address': '0x031b41e504677879370e9dbcf937283a8691fa7f'}]"
WOO Network,WOO,"[{'platform': 'arbitrum-one', 'contract_address': '0xcafcd85d8ca7ad1e1c6f82f651fa15e33aefd07b'}, {'platform': 'ethereum', 'contract_address': '0x4691937a7508860f876c9c0a2a617e7d9e945d4b'}, {'platform': 'polygon-pos', 'contract_address': '0x1b815d120b3ef02039ee11dc2d33de7aa4a8c603'}, {'platform': 'binance-smart-chain', 'contract_address': '0x4691937a7508860f876c9c0a2a617e7d9e945d4b'}]"
Nexus Mutual,NXM,"[{'platform': 'ethereum', 'contract_address': '0xd7c49cee7e9188cca6ad8ff264c1da2e69d4cf3b'}]"
Holo,HOT,"[{'platform': 'ethereum', 'contract_address': '0x6c6ee5e31d828de241282b9606c8e98ea48526e2'}]"
DeFiChain,DFI,"[{'platform': 'ethereum', 'contract_address': '0x8fc8f8269ebca376d046ce292dc7eac40c8d358a'}, {'platform': 'binance-smart-chain', 'contract_address': '0x361c60b7c2828fcab80988d00d1d542c83387b50'}]"
Ethereum Name Service,ENS,"[{'platform': 'ethereum', 'contract_address': '0xc18360217d8f7ab5e7c516566761ea12ce7f9d72'}]"
FLOKI,floki,"[{'platform': 'ethereum', 'contract_address': '0xcf0c122c6b73ff809c693db761e7baebe62b6a2e'}, {'platform': 'binance-smart-chain', 'contract_address': '0xfb5b838b6cfeedc2873ab27866079ac55363d37e'}]"
Gala,GALA,"[{'platform': 'ethereum', 'contract_address': '0x15d4c048f83bd7e37d49ea4c83a07267ec4203da'}]"
Audius,AUDIO,"[{'platform': 'ethereum', 'contract_address': '0x18aaa7115705e8be94bffebde57af9bfc265b998'}]"
Compound,COMP,"[{'platform': 'ethereum', 'contract_address': '0xc00e94cb662c3520282e6f5717214004a7f26888'}, {'platform': 'polygon-pos', 'contract_address': '0x8505b9d2254a7ae468c0e9dd10ccea3a837aef5c'}, {'platform': 'binance-smart-chain', 'contract_address': '0x52ce071bd9b1c4b00a0b92d298c512478cad67e8'}, {'platform': 'arbitrum-one', 'contract_address': '0x354a6da3fcde098f8389cad84b0182725c6c91de'}]"
Gnosis,GNO,"[{'platform': 'arbitrum-one', 'contract_address': '0xa0b862f60edef4452f25b4160f177db44deb6cf1'}, {'platform': 'ethereum', 'contract_address': '0x6810e776880c02933d47db1b9fc05908e5386b96'}]"
Ankr Network,ANKR,"[{'platform': 'ethereum', 'contract_address': '0x8290333cef9e6d528dd5618fb97a76f268f3edd4'}, {'platform': 'polygon-pos', 'contract_address': '0x101a023270368c0d50bffb62780f4afd4ea79c35'}, {'platform': 'binance-smart-chain', 'contract_address': '0xf307910a4c7bbc79691fd374889b36d8531b08e3'}]"
Olympus DAO,OHM,"[{'platform': 'ethereum', 'contract_address': '0x64aa3364f17a4d01c6f1751fd97c2bd3d7e7f1d5'}]"
Balancer,BAL,"[{'platform': 'optimistic-ethereum', 'contract_address': '0xfe8b128ba8c78aabc59d4c64cee7ff28e9379921'}, {'platform': 'arbitrum-one', 'contract_address': '0x040d1edc9569d4bab2d15287dc5a4f10f56a56b8'}, {'platform': 'ethereum', 'contract_address': '0xba100000625a3754423978a60c9317c58a424e3d'}, {'platform': 'polygon-pos', 'contract_address': '0x9a71012b13ca4d3d0cdc72a177df3ef03b0e76a3'}]"
Magic,MAGIC,"[{'platform': 'ethereum', 'contract_address': '0xb0c7a3ba49c7a6eaba6cd4a96c55a1391070ac9a'}, {'platform': 'arbitrum-one', 'contract_address': '0x539bde0d7dbd336b79148aa742883198bbf60342'}]"
yearn.finance,YFI,"[{'platform': 'polygon-pos', 'contract_address': '0xda537104d6a5edd53c6fbba9a898708e465260b6'}, {'platform': 'ethereum', 'contract_address': '0x0bc529c00c6401aef6d220be8c6ea1667f6ad93e'}, {'platform': 'arbitrum-one', 'contract_address': '0x82e3a8f066a6989666b031d916c43672085b1582'}]"
SafeMoon,SAFEMOON,"[{'platform': 'binance-smart-chain', 'contract_address': '0x8076c74c5e3f5852037f31ff0093eeb8c8add8d3'}]"
Gains Farm,GFARM2,"[{'platform': 'ethereum', 'contract_address': '0x831091da075665168e01898c6dac004a867f1e1b'}, {'platform': 'polygon-pos', 'contract_address': '0x7075cab6bcca06613e2d071bd918d1a0241379e2'}]"
LUSD,lusd,"[{'platform': 'binance-smart-chain', 'contract_address': '0x23e8a70534308a4aaf76fb8c32ec13d17a3bd89e'}]"
SSV Network,SSV,"[{'platform': 'ethereum', 'contract_address': '0x9d65ff81a3c488d585bbfb0bfe3c7707c7917f54'}]"
IoTeX,IOTX,"[{'platform': 'ethereum', 'contract_address': '0x6fb3e0a217407efff7ca062d46c26e5d60a14d69'}]"
Convex CRV,CVXCRV,"[{'platform': 'ethereum', 'contract_address': '0x62b9c7356a2dc64a1969e19c23e4f579f9810aa7'}]"
One,ONE,"[{'platform': 'binance-smart-chain', 'contract_address': '0x04baf95fd4c52fd09a56d840baee0ab8d7357bf0'}, {'platform': 'ethereum', 'contract_address': '0x946551dd05c5abd7cc808927480225ce36d8c475'}]"
Golem,GLM,"[{'platform': 'ethereum', 'contract_address': '0x7dd9c5cba05e151c895fde1cf355c9a1d5da6429'}]"
Jasmy,JASMY,"[{'platform': 'ethereum', 'contract_address': '0x7420b4b9a0110cdc71fb720908340c03f9bc03ec'}]"
0x,ZRX,"[{'platform': 'ethereum', 'contract_address': '0xe41d2489571d322189246dafa5ebde1f4699f498'}]"
Huobi BTC,HBTC,"[{'platform': 'ethereum', 'contract_address': '0x0316eb71485b0ab14103307bf65a021042c6d380'}]"
Bone,BONE,"[{'platform': 'ethereum', 'contract_address': '0x5c84bc60a796534bfec3439af0e6db616a966335'}]"
STEPN,GMT,"[{'platform': 'ethereum', 'contract_address': '0xe3c408bd53c31c085a1746af401a4042954ff740'}, {'platform': 'binance-smart-chain', 'contract_address': '0x3019bf2a2ef8040c242c9a4c5c4bd4c81678b2a1'}]"
Frax Ether,frxeth,"[{'platform': 'ethereum', 'contract_address': '0x5e8422345238f34275888049021821e8e08caa1f'}]"
Blur,blur,"[{'platform': 'ethereum', 'contract_address': '0x5283d291dbcf85356a21ba090e6db59121208b44'}]"
Escoin Token,ELG,"[{'platform': 'ethereum', 'contract_address': '0xa2085073878152ac3090ea13d1e41bd69e60dc99'}]"
Astrafer,astrafer,"[{'platform': 'ethereum', 'contract_address': '0x97bbbc5d96875fb78d2f14b7ff8d7a3a74106f17'}, {'platform': 'polygon-pos', 'contract_address': '0xdfce1e99a31c4597a3f8a8945cbfa9037655e335'}]"
Band Protocol,BAND,"[{'platform': 'ethereum', 'contract_address': '0xba11d00c5f74255f56a5e366f4f77f5a186d7f55'}]"
Euro Tether,EURT,"[{'platform': 'ethereum', 'contract_address': '0xc581b735a1688071a1746c968e0798d642ede491'}]"
Liquity,LQTY,"[{'platform': 'ethereum', 'contract_address': '0x6dea81c8171d0ba574754ef6f8b412f2ed88c54d'}]"
DAO Maker,DAO,"[{'platform': 'binance-smart-chain', 'contract_address': '0x4d2d32d8652058bf98c772953e1df5c5c85d9f45'}, {'platform': 'ethereum', 'contract_address': '0x0f51bb10119727a7e5ea3538074fb341f56b09ad'}]"
Gains Network,GNS,"[{'platform': 'polygon-pos', 'contract_address': '0xe5417af564e4bfda1c483642db72007871397896'}]"
API3,API3,"[{'platform': 'ethereum', 'contract_address': '0x0b38210ea11411557c13457d4da7dc6ea731b88a'}]"
Coin98,C98,"[{'platform': 'polygon-pos', 'contract_address': '0x77f56cf9365955486b12c4816992388ee8606f0e'}, {'platform': 'binance-smart-chain', 'contract_address': '0xaec945e04baf28b135fa7c640f624f8d90f1c3a6'}, {'platform': 'ethereum', 'contract_address': '0xae12c5930881c53715b369cec7606b70d8eb229f'}]"
Xeno Token,XNO,"[{'platform': 'ethereum', 'contract_address': '0x05bbe7240de66f6480c9aeda77c1376b13393f83'}]"
CORE MultiChain,CMCX,"[{'platform': 'ethereum', 'contract_address': '0x5b685863494c33f344081f75e5430c260c224a32'}, {'platform': 'binance-smart-chain', 'contract_address': '0xb2343143f814639c9b1f42961c698247171df34a'}]"
Aragon Network,ANT,"[{'platform': 'ethereum', 'contract_address': '0xa117000000f279d81a1d3cc75430faa017fa5a2e'}]"
ConstitutionDAO,PEOPLE,"[{'platform': 'ethereum', 'contract_address': '0x7a58c0be72be218b41c608b7fe7c5bb630736c71'}]"
Metis,MTS,"[{'platform': 'ethereum', 'contract_address': '0xa9598333b99d14d90bc81cad8af82c4c70625e75'}]"
iExec RLC,RLC,"[{'platform': 'ethereum', 'contract_address': '0x607f4c5bb672230e8672085532f7e901544a7375'}]"
TOMI,TOMI,"[{'platform': 'polygon-pos', 'contract_address': '0xcd966b72cff52dc349089b6b6f5865b5743b4e08'}]"
VVS Finance,VVS,"[{'platform': 'ethereum', 'contract_address': '0x839e71613f9aa06e5701cf6de63e303616b0dde3'}]"
AiLink Token,ALI,"[{'platform': 'ethereum', 'contract_address': '0x4289c043a12392f1027307fb58272d8ebd853912'}]"
Celer Network,CELR,"[{'platform': 'ethereum', 'contract_address': '0x4f9254c83eb525f9fcf346490bbb3ed28a81c667'}, {'platform': 'arbitrum-one', 'contract_address': '0x3a8b787f78d775aecfeea15706d4221b40f345ab'}]"
Function X,FX,"[{'platform': 'ethereum', 'contract_address': '0x8c15ef5b4b21951d50e53e4fbda8298ffad25057'}]"
Smooth Love Potion,SLP,"[{'platform': 'ethereum', 'contract_address': '0xcc8fa225d80b9c7d42f96e9570156c65d6caaa25'}]"
Everscale,ever,"[{'platform': 'ethereum', 'contract_address': '0xdb3c2515da400e11bcaf84f3b5286f18fff1868f'}]"
Numeraire,NMR,"[{'platform': 'ethereum', 'contract_address': '0x1776e1f26f98b1a5df9cd347953a26dd3cb46671'}]"
Status,SNT,"[{'platform': 'ethereum', 'contract_address': '0x744d70fdbe2ba4cf95131626614a1763df805b9e'}]"
Ankr Reward-Bearing Staked ETH,AETHC,"[{'platform': 'ethereum', 'contract_address': '0xe95a203b1a91a908f9b9ce46459d101078c2c3cb'}]"
Alice,ALICE,"[{'platform': 'ethereum', 'contract_address': '0xac51066d7bec65dc4589368da368b212745d63e8'}, {'platform': 'binance-smart-chain', 'contract_address': '0xac51066d7bec65dc4589368da368b212745d63e8'}]"
CoinEx Token,CET,"[{'platform': 'ethereum', 'contract_address': '0x081f67afa0ccf8c7b17540767bbe95df2ba8d97f'}]"
Hashflow,hft,"[{'platform': 'ethereum', 'contract_address': '0xb3999f658c0391d94a37f7ff328f3fec942bcadc'}, {'platform': 'binance-smart-chain', 'contract_address': '0x44ec807ce2f4a6f2737a92e985f318d035883e47'}]"
Gitcoin,GTC,"[{'platform': 'ethereum', 'contract_address': '0xde30da39c46104798bb5aa3fe8b9e0e1f348163f'}]"
Merit Circle,MC,"[{'platform': 'binance-smart-chain', 'contract_address': '0x949d48eca67b17269629c7194f4b727d4ef9e5d6'}, {'platform': 'ethereum', 'contract_address': '0x949d48eca67b17269629c7194f4b727d4ef9e5d6'}]"
COCOS BCX,COCOS,"[{'platform': 'ethereum', 'contract_address': '0xc4c7ea4fab34bd9fb9a5e1b1a98df76e26e6407c'}]"
APENFT,NFT,"[{'platform': 'ethereum', 'contract_address': '0x198d14f2ad9ce69e76ea330b374de4957c3f850a'}, {'platform': 'binance-smart-chain', 'contract_address': '0x20ee7b720f4e4c4ffcb00c4065cdae55271aecca'}]"
Orbs,ORBS,"[{'platform': 'ethereum', 'contract_address': '0xff56cc6b1e6ded347aa0b7676c85ab0b3d08b0fa'}, {'platform': 'polygon-pos', 'contract_address': '0x614389eaae0a6821dc49062d56bda3d9d45fa2ff'}, {'platform': 'binance-smart-chain', 'contract_address': '0xebd49b26169e1b52c04cfd19fcf289405df55f80'}]"
Wrapped Centrifuge,WCFG,"[{'platform': 'ethereum', 'contract_address': '0xc221b7e65ffc80de234bbb6667abdd46593d34f0'}]"
Ren,REN,"[{'platform': 'ethereum', 'contract_address': '0x408e41876cccdc0f92210600ef50372656052a38'}]"
DeXe,DEXE,"[{'platform': 'binance-smart-chain', 'contract_address': '0x039cb485212f996a9dbb85a9a75d898f94d38da6'}, {'platform': 'ethereum', 'contract_address': '0xde4ee8057785a7e8e800db58f9784845a5c2cbd6'}]"
Dent,DENT,"[{'platform': 'ethereum', 'contract_address': '0x3597bfd533a99c9aa083587b074434e61eb0a258'}]"
Cartesi,CTSI,"[{'platform': 'optimistic-ethereum', 'contract_address': '0xec6adef5e1006bb305bb1975333e8fc4071295bf'}, {'platform': 'ethereum', 'contract_address': '0x491604c0fdf08347dd1fa4ee062a822a5dd06b5d'}, {'platform': 'polygon-pos', 'contract_address': '0x2727ab1c2d22170abc9b595177b2d5c6e1ab7b7b'}, {'platform': 'arbitrum-one', 'contract_address': '0x319f865b287fcc10b30d8ce6144e8b6d1b476999'}, {'platform': 'binance-smart-chain', 'contract_address': '0x8da443f84fea710266c8eb6bc34b71702d033ef2'}]"
Krypton DAO,krd,"[{'platform': 'binance-smart-chain', 'contract_address': '0xb020805e0bc7f0e353d1343d67a239f417d57bbf'}]"
Voyager Token,VGX,"[{'platform': 'ethereum', 'contract_address': '0x16987c021c14ca1045cd0afebb33c124a58bf16c'}]"
Everipedia,IQ,"[{'platform': 'ethereum', 'contract_address': '0x579cea1889991f68acc35ff5c3dd0621ff29b0c9'}, {'platform': 'polygon-pos', 'contract_address': '0xb9638272ad6998708de56bbc0a290a1de534a578'}, {'platform': 'binance-smart-chain', 'contract_address': '0x0e37d70b51ffa2b98b4d34a5712c5291115464e3'}]"
Nest Protocol,NEST,"[{'platform': 'polygon-pos', 'contract_address': '0x98f8669f6481ebb341b522fcd3663f79a3d1a6a7'}, {'platform': 'binance-smart-chain', 'contract_address': '0x98f8669f6481ebb341b522fcd3663f79a3d1a6a7'}, {'platform': 'ethereum', 'contract_address': '0x04abeda201850ac0124161f037efd70c74ddc74c'}]"
SFMoney,SFM,"[{'platform': 'binance-smart-chain', 'contract_address': '0x3a66d3d2edb25182430d01b991bc6eac73ad5aa8'}]"
dKargo,DKA,"[{'platform': 'ethereum', 'contract_address': '0x5dc60c4d5e75d22588fa17ffeb90a63e535efce0'}]"
Humanscape,HUM,"[{'platform': 'ethereum', 'contract_address': '0x07327a00ba28d413f745c931bbe6be053b0ad2a6'}]"
MVL,MVL,"[{'platform': 'ethereum', 'contract_address': '0xa849eaae994fb86afa73382e9bd88c2b6b18dc71'}, {'platform': 'binance-smart-chain', 'contract_address': '0x5f588efaf8eb57e3837486e834fc5a4e07768d98'}]"
Tenset,10SET,"[{'platform': 'binance-smart-chain', 'contract_address': '0x1ae369a6ab222aff166325b7b87eb9af06c86e57'}]"
Keep Network,KEEP,"[{'platform': 'ethereum', 'contract_address': '0x85eee30c52b0b379b046fb0f85f4f3dc3009afec'}]"
Metars Genesis,mrs,"[{'platform': 'binance-smart-chain', 'contract_address': '0x238d02ee3f80fbf5e381f049616025c186889b68'}]"
flexUSD,FLEXUSD,"[{'platform': 'ethereum', 'contract_address': '0xa774ffb4af6b0a91331c084e1aebae6ad535e6f3'}]"
XYO,XYO,"[{'platform': 'ethereum', 'contract_address': '0x55296f69f40ea6d20e478533c15a6b08b654e758'}]"
Fidu,fidu,"[{'platform': 'ethereum', 'contract_address': '0x6a445e9f40e0b97c92d0b8a3366cef1d67f700bf'}]"
Radiant Capital,rdnt,"[{'platform': 'arbitrum-one', 'contract_address': '0x0c4681e6c0235179ec3d4f4fc4df3d14fdd96017'}]"
Gravitoken,GRV,"[{'platform': 'binance-smart-chain', 'contract_address': '0x1337ace33c2b3fc17d85f33dbd0ed73a896148b5'}]"
StormX,STMX,"[{'platform': 'ethereum', 'contract_address': '0xa62cc35625b0c8dc1faea39d33625bb4c15bd71c'}]"
Origin Protocol,OGN,"[{'platform': 'ethereum', 'contract_address': '0x8207c1ffc5b6804f6024322ccf34f29c3541ae26'}]"
XCAD Network,XCAD,"[{'platform': 'ethereum', 'contract_address': '0x7659ce147d0e714454073a5dd7003544234b6aa0'}, {'platform': 'polygon-pos', 'contract_address': '0xa55870278d6389ec5b524553d03c04f5677c061e'}, {'platform': 'arbitrum-one', 'contract_address': '0x921f99719eb6c01b4b8f0ba7973a7c24891e740a'}, {'platform': 'binance-smart-chain', 'contract_address': '0xa026ad2ceda16ca5fc28fd3c72f99e2c332c8a26'}]"
Nexa,nxg,"[{'platform': 'binance-smart-chain', 'contract_address': '0xb2fee738d28cb3095ae7ad3aea2b4a53683afb4b'}]"
Verasity,VRA,"[{'platform': 'ethereum', 'contract_address': '0xf411903cbc70a74d22900a5de66a2dda66507255'}]"
Beta Finance,BETA,"[{'platform': 'binance-smart-chain', 'contract_address': '0xbe1a001fe942f96eea22ba08783140b9dcc09d28'}, {'platform': 'ethereum', 'contract_address': '0xbe1a001fe942f96eea22ba08783140b9dcc09d28'}]"
Redacted,btrfly,"[{'platform': 'ethereum', 'contract_address': '0xc55126051b22ebb829d00368f4b12bde432de5da'}]"
Euler,eul,"[{'platform': 'ethereum', 'contract_address': '0xd9fcd98c322942075a5c3860693e9f4f03aae07b'}]"
UTRUST,UTK,"[{'platform': 'ethereum', 'contract_address': '0xdc9ac3c20d1ed0b540df9b1fedc10039df13f99c'}]"
Automata Network,ATA,"[{'platform': 'binance-smart-chain', 'contract_address': '0xa2120b9e674d3fc3875f415a7df52e382f141225'}, {'platform': 'ethereum', 'contract_address': '0xa2120b9e674d3fc3875f415a7df52e382f141225'}, {'platform': 'polygon-pos', 'contract_address': '0x0df0f72ee0e5c9b7ca761ecec42754992b2da5bf'}]"
Wrapped Nexus Mutual,WNXM,"[{'platform': 'ethereum', 'contract_address': '0x0d438f3b5175bebc262bf23753c1e53d03432bde'}]"
Storj,STORJ,"[{'platform': 'ethereum', 'contract_address': '0xb64ef51c888972c908cfacf59b47c1afbc0ab8ac'}]"
Veritaseum,VERI,"[{'platform': 'ethereum', 'contract_address': '0x8f3470a7388c05ee4e7af3d01d8c722b0ff52374'}]"
Aergo,AERGO,"[{'platform': 'ethereum', 'contract_address': '0x91af0fbb28aba7e31403cb457106ce79397fd4e6'}]"
LCX,LCX,"[{'platform': 'ethereum', 'contract_address': '0x037a54aab062628c9bbae1fdb1583c195585fe41'}]"
Gami,gami,"[{'platform': 'binance-smart-chain', 'contract_address': '0xf0dcf7ac48f8c745f2920d03dff83f879b80d438'}]"
Stader MaticX,maticx,"[{'platform': 'ethereum', 'contract_address': '0xf03a7eb46d01d9ecaa104558c732cf82f6b6b645'}, {'platform': 'polygon-pos', 'contract_address': '0xfa68fb4628dff1028cfec22b4162fccd0d45efb6'}]"
Dopex,DPX,"[{'platform': 'arbitrum-one', 'contract_address': '0x6c2c06790b3e3e3c38e12ee22f8183b37a13ee55'}, {'platform': 'ethereum', 'contract_address': '0xeec2be5c91ae7f8a338e1e5f3b5de49d07afdc81'}]"
SUN,SUN,"[{'platform': 'ethereum', 'contract_address': '0x7cc61e3ae6360e923e9296c802382ec7c9dd3652'}]"
Rally,RLY,"[{'platform': 'ethereum', 'contract_address': '0xf1f955016ecbcd7321c7266bccfb96c68ea5e49b'}]"
Selfkey,KEY,"[{'platform': 'ethereum', 'contract_address': '0x4cc19356f2d37338b9802aa8e8fc58b0373296e7'}]"
Unizen,ZCX,"[{'platform': 'ethereum', 'contract_address': '0xc52c326331e9ce41f04484d3b5e5648158028804'}]"
Dawn,DAWN,"[{'platform': 'ethereum', 'contract_address': '0x580c8520deda0a441522aeae0f9f7a5f29629afa'}]"
Meter,MTRG,"[{'platform': 'binance-smart-chain', 'contract_address': '0xbd2949f67dcdc549c6ebe98696449fa79d988a9f'}]"
A Hunters Dream,caw,"[{'platform': 'ethereum', 'contract_address': '0xf3b9569f82b18aef890de263b84189bd33ebe452'}]"
Perpetual Protocol,PERP,"[{'platform': 'ethereum', 'contract_address': '0xbc396689893d065f41bc2c6ecbee5e0085233447'}, {'platform': 'arbitrum-one', 'contract_address': '0x753d224bcf9aafacd81558c32341416df61d3dac'}, {'platform': 'binance-smart-chain', 'contract_address': '0x4e7f408be2d4e9d60f49a64b89bb619c84c7c6f5'}, {'platform': 'optimistic-ethereum', 'contract_address': '0x9e1028f5f1d5ede59748ffcee5532509976840e0'}]"
Aavegotchi,GHST,"[{'platform': 'ethereum', 'contract_address': '0x3f382dbd960e3a9bbceae22651e88158d2791550'}, {'platform': 'polygon-pos', 'contract_address': '0x385eeac5cb85a38a9a07a70c73e0a3271cfb54a7'}]"
BoringDAO [OLD],BOR,"[{'platform': 'ethereum', 'contract_address': '0x3c9d6c1c73b31c837832c72e04d3152f051fc1a9'}, {'platform': 'binance-smart-chain', 'contract_address': '0x92d7756c60dcfd4c689290e8a9f4d263b3b32241'}]"
Velas,VLX,"[{'platform': 'ethereum', 'contract_address': '0x8c543aed163909142695f2d2acd0d55791a9edb9'}, {'platform': 'binance-smart-chain', 'contract_address': '0xe9c803f48dffe50180bd5b01dc04da939e3445fc'}]"
SuperFarm,SUPER,"[{'platform': 'binance-smart-chain', 'contract_address': '0x51ba0b044d96c3abfca52b64d733603ccc4f0d4d'}, {'platform': 'ethereum', 'contract_address': '0xe53ec727dbdeb9e2d5456c3be40cff031ab40a55'}, {'platform': 'polygon-pos', 'contract_address': '0xa1428174f516f527fafdd146b883bb4428682737'}]"
Aura BAL,aurabal,"[{'platform': 'ethereum', 'contract_address': '0x616e8bfa43f920657b3497dbf40d6b1a02d4608d'}]"
Strike,STRK,"[{'platform': 'ethereum', 'contract_address': '0x74232704659ef37c08995e386a2e26cc27a8d7b1'}]"
Loom Network (OLD),LOOMOLD,"[{'platform': 'ethereum', 'contract_address': '0xa4e8c3ec456107ea67d3075bf9e3df3a75823db0'}]"
Cybereits,CRE,"[{'platform': 'ethereum', 'contract_address': '0x61f33da40594cec1e3dc900faf99f861d01e2e7d'}]"
